<?xml version="1.0" encoding="UTF-8"?>
<!--This is a Reload version 2.5.5 SCORM 1.2 Content Package document-->
<!--Spawned from the Reload Content Package Generator - http://www.reload.ac.uk-->
<manifest xmlns="http://www.imsproject.org/xsd/imscp_rootv1p1p2" xmlns:imsmd="http://www.imsglobal.org/xsd/imsmd_rootv1p2p1" xmlns:xsi="http://www.w3.org/2001/XMLSchema-instance" xmlns:adlcp="http://www.adlnet.org/xsd/adlcp_rootv1p2" identifier="OAs DistribucionClaves" xsi:schemaLocation="http://www.imsproject.org/xsd/imscp_rootv1p1p2 imscp_rootv1p1p2.xsd http://www.imsglobal.org/xsd/imsmd_rootv1p2p1 imsmd_rootv1p2p1.xsd http://www.adlnet.org/xsd/adlcp_rootv1p2 adlcp_rootv1p2.xsd">
  <metadata>
    <imsmd:lom>
      <imsmd:general>
        <imsmd:identifier>OADistClaves</imsmd:identifier>
        <imsmd:title>
          <imsmd:langstring xml:lang="en">Distribución de Claves Criptográficas</imsmd:langstring>
        </imsmd:title>
        <imsmd:language>es</imsmd:language>
        <imsmd:description>
          <imsmd:langstring xml:lang="en">Objetos de aprendizaje de distribución de claves, intercambio de claves Diffie-Hellman y protocolos de autenticación.</imsmd:langstring>
        </imsmd:description>
        <imsmd:keyword>
          <imsmd:langstring xml:lang="en">Criptografía
Distribución de claves
Claves criptográficas</imsmd:langstring>
        </imsmd:keyword>
        <imsmd:coverage>
          <imsmd:langstring xml:lang="en">Tecnologías de la información (TI)</imsmd:langstring>
        </imsmd:coverage>
        <imsmd:structure>
          <imsmd:source>
            <imsmd:langstring xml:lang="x-none">LOMv1.0</imsmd:langstring>
          </imsmd:source>
          <imsmd:value>
            <imsmd:langstring xml:lang="en">Linear</imsmd:langstring>
          </imsmd:value>
        </imsmd:structure>
        <imsmd:aggregationlevel>
          <imsmd:source>
            <imsmd:langstring xml:lang="x-none">LOMv1.0</imsmd:langstring>
          </imsmd:source>
          <imsmd:value>
            <imsmd:langstring xml:lang="en">2</imsmd:langstring>
          </imsmd:value>
        </imsmd:aggregationlevel>
      </imsmd:general>
      <imsmd:lifecycle>
        <imsmd:version>
          <imsmd:langstring xml:lang="en">1.2</imsmd:langstring>
        </imsmd:version>
        <imsmd:status>
          <imsmd:source>
            <imsmd:langstring xml:lang="x-none">LOMv1.0</imsmd:langstring>
          </imsmd:source>
          <imsmd:value>
            <imsmd:langstring xml:lang="en">En revisión</imsmd:langstring>
          </imsmd:value>
        </imsmd:status>
      </imsmd:lifecycle>
      <imsmd:educational>
        <imsmd:interactivitytype>
          <imsmd:source>
            <imsmd:langstring xml:lang="x-none">LOMv1.0</imsmd:langstring>
          </imsmd:source>
          <imsmd:value>
            <imsmd:langstring xml:lang="en">Mixed</imsmd:langstring>
          </imsmd:value>
        </imsmd:interactivitytype>
        <imsmd:learningresourcetype>
          <imsmd:source>
            <imsmd:langstring xml:lang="x-none">LOMv1.0</imsmd:langstring>
          </imsmd:source>
          <imsmd:value>
            <imsmd:langstring xml:lang="en">Ejercicios, figuras, animaciones, tablas, textos, evaluación</imsmd:langstring>
          </imsmd:value>
        </imsmd:learningresourcetype>
        <imsmd:interactivitylevel>
          <imsmd:source>
            <imsmd:langstring xml:lang="x-none">LOMv1.0</imsmd:langstring>
          </imsmd:source>
          <imsmd:value>
            <imsmd:langstring xml:lang="en">high</imsmd:langstring>
          </imsmd:value>
        </imsmd:interactivitylevel>
        <imsmd:semanticdensity>
          <imsmd:source>
            <imsmd:langstring xml:lang="x-none">LOMv1.0</imsmd:langstring>
          </imsmd:source>
          <imsmd:value>
            <imsmd:langstring xml:lang="en">high</imsmd:langstring>
          </imsmd:value>
        </imsmd:semanticdensity>
        <imsmd:intendedenduserrole>
          <imsmd:source>
            <imsmd:langstring xml:lang="x-none">LOMv1.0</imsmd:langstring>
          </imsmd:source>
          <imsmd:value>
            <imsmd:langstring xml:lang="en">Learner</imsmd:langstring>
          </imsmd:value>
        </imsmd:intendedenduserrole>
        <imsmd:context>
          <imsmd:source>
            <imsmd:langstring xml:lang="x-none">LOMv1.0</imsmd:langstring>
          </imsmd:source>
          <imsmd:value>
            <imsmd:langstring xml:lang="en">Higher Education</imsmd:langstring>
          </imsmd:value>
        </imsmd:context>
        <imsmd:typicalagerange>
          <imsmd:langstring xml:lang="en">20-30</imsmd:langstring>
        </imsmd:typicalagerange>
        <imsmd:difficulty>
          <imsmd:source>
            <imsmd:langstring xml:lang="x-none">LOMv1.0</imsmd:langstring>
          </imsmd:source>
          <imsmd:value>
            <imsmd:langstring xml:lang="en">medium</imsmd:langstring>
          </imsmd:value>
        </imsmd:difficulty>
        <imsmd:typicallearningtime>
          <imsmd:datetime>40 min</imsmd:datetime>
        </imsmd:typicallearningtime>
        <imsmd:description>
          <imsmd:langstring xml:lang="en">Apoya el entendimiento de la distribución de claves criptográficas y sus protocolos y algoritmos asociados</imsmd:langstring>
        </imsmd:description>
        <imsmd:language>es</imsmd:language>
      </imsmd:educational>
      <imsmd:rights>
        <imsmd:cost>
          <imsmd:source>
            <imsmd:langstring xml:lang="x-none">LOMv1.0</imsmd:langstring>
          </imsmd:source>
          <imsmd:value>
            <imsmd:langstring xml:lang="en">no</imsmd:langstring>
          </imsmd:value>
        </imsmd:cost>
        <imsmd:copyrightandotherrestrictions>
          <imsmd:source>
            <imsmd:langstring xml:lang="x-none">LOMv1.0</imsmd:langstring>
          </imsmd:source>
          <imsmd:value>
            <imsmd:langstring xml:lang="en">no</imsmd:langstring>
          </imsmd:value>
        </imsmd:copyrightandotherrestrictions>
        <imsmd:description>
          <imsmd:langstring xml:lang="en">Este es un recurso que no está sujeto a derechos de autor</imsmd:langstring>
        </imsmd:description>
      </imsmd:rights>
    </imsmd:lom>
  </metadata>
  <organizations default="ORG-5E286AA8539A95155BEDF92179D77EEB">
    <organization identifier="ORG-5E286AA8539A95155BEDF92179D77EEB" structure="hierarchical">
      <title>Distribución de Claves Criptográficas</title>
      <item identifier="ITEM-BAA51436E3C0D7CF8F4FEC98FC77B507" identifierref="RES-2190DB559DFE20F1EAF0271C29A69539" isvisible="true">
        <title>Modos de Distribución</title>
      </item>
      <item identifier="ITEM-1007CA826224B5BDDE3B003646A76A09" identifierref="RES-D754AFCA1F45E14AC54BEB5F747C0055" isvisible="true">
        <title>Algortimo Diffie-Hellman</title>
      </item>
      <item identifier="ITEM-17A370190EDEB3B5DEE6581B9A42B4FC" identifierref="RES-99C2B9F55AA49B96E8CF9DE1B1E77013" isvisible="true">
        <title>Protocolos de autenticación</title>
      </item>
    </organization>
  </organizations>
  <resources>
    <resource identifier="RES-D754AFCA1F45E14AC54BEB5F747C0055" type="webcontent" href="AlgoritmoDiffieHellman.html">
      <file href="AlgoritmoDiffieHellman.html" />
    </resource>
    <resource href="Protocolos.html" identifier="RES-99C2B9F55AA49B96E8CF9DE1B1E77013" type="webcontent">
      <file href="Protocolos.html" />
    </resource>
    <resource href="DistribucióndeClaves.html" identifier="RES-2190DB559DFE20F1EAF0271C29A69539" type="webcontent">
      <file href="DistribucióndeClaves.html" />
    </resource>
  </resources>
</manifest>

