<?xml version="1.0" encoding="UTF-8"?>
<!--This is a Reload version 2.5.5 SCORM 1.2 Content Package document-->
<!--Spawned from the Reload Content Package Generator - http://www.reload.ac.uk-->
<manifest xmlns="http://www.imsproject.org/xsd/imscp_rootv1p1p2" xmlns:imsmd="http://www.imsglobal.org/xsd/imsmd_rootv1p2p1" xmlns:xsi="http://www.w3.org/2001/XMLSchema-instance" xmlns:adlcp="http://www.adlnet.org/xsd/adlcp_rootv1p2" identifier="MANIFEST-B75C563622BF7EEEE3838045FAF286F8" xsi:schemaLocation="http://www.imsproject.org/xsd/imscp_rootv1p1p2 imscp_rootv1p1p2.xsd http://www.imsglobal.org/xsd/imsmd_rootv1p2p1 imsmd_rootv1p2p1.xsd http://www.adlnet.org/xsd/adlcp_rootv1p2 adlcp_rootv1p2.xsd">
  <metadata>
    <imsmd:lom>
      <imsmd:general>
        <imsmd:identifier>OACriptografiaAsimetrica</imsmd:identifier>
        <imsmd:title>
          <imsmd:langstring xml:lang="en">Criptografía Asimétrica</imsmd:langstring>
        </imsmd:title>
        <imsmd:language>es</imsmd:language>
        <imsmd:description>
          <imsmd:langstring xml:lang="en">Objetos de aprendizaje de criptografía asimétrica, sus fundamentos matemáticos y principales sistemas criptográficos</imsmd:langstring>
        </imsmd:description>
        <imsmd:keyword>
          <imsmd:langstring xml:lang="en">Criptografía asimétrica, RSA, CCE, fundamentos matemáticos de criptografía asimétrica</imsmd:langstring>
        </imsmd:keyword>
        <imsmd:coverage>
          <imsmd:langstring xml:lang="en">Tecnologías de información</imsmd:langstring>
        </imsmd:coverage>
        <imsmd:structure>
          <imsmd:source>
            <imsmd:langstring xml:lang="en">LOMv1.0</imsmd:langstring>
          </imsmd:source>
          <imsmd:value>
            <imsmd:langstring xml:lang="en">Linear</imsmd:langstring>
          </imsmd:value>
        </imsmd:structure>
        <imsmd:aggregationlevel>
          <imsmd:source>
            <imsmd:langstring xml:lang="en">LOMv1.0</imsmd:langstring>
          </imsmd:source>
          <imsmd:value>
            <imsmd:langstring xml:lang="en">2</imsmd:langstring>
          </imsmd:value>
        </imsmd:aggregationlevel>
      </imsmd:general>
      <imsmd:lifecycle>
        <imsmd:version>
          <imsmd:langstring xml:lang="en">1.0</imsmd:langstring>
        </imsmd:version>
        <imsmd:status>
          <imsmd:source>
            <imsmd:langstring xml:lang="en">LOMv1.0</imsmd:langstring>
          </imsmd:source>
          <imsmd:value>
            <imsmd:langstring xml:lang="en">En revisión</imsmd:langstring>
          </imsmd:value>
        </imsmd:status>
        <imsmd:contribute>
          <imsmd:role>
            <imsmd:source>
              <imsmd:langstring xml:lang="en">LOMv1.0</imsmd:langstring>
            </imsmd:source>
            <imsmd:value>
              <imsmd:langstring xml:lang="en">Author: Alan Olivares</imsmd:langstring>
            </imsmd:value>
          </imsmd:role>
          <imsmd:centity>
            <imsmd:vcard>Dra. Rosa Muñoz, Universidad de Santiago de Chile</imsmd:vcard>
          </imsmd:centity>
          <imsmd:date>
            <imsmd:datetime>15/12/2010</imsmd:datetime>
          </imsmd:date>
        </imsmd:contribute>
      </imsmd:lifecycle>
      <imsmd:educational>
        <imsmd:interactivitytype>
          <imsmd:source>
            <imsmd:langstring xml:lang="en">LOMv1.0</imsmd:langstring>
          </imsmd:source>
          <imsmd:value>
            <imsmd:langstring xml:lang="en">Mixed</imsmd:langstring>
          </imsmd:value>
        </imsmd:interactivitytype>
        <imsmd:learningresourcetype>
          <imsmd:source>
            <imsmd:langstring xml:lang="en">LOMv1.0</imsmd:langstring>
          </imsmd:source>
          <imsmd:value>
            <imsmd:langstring xml:lang="en">Ejercicios, diagramas, figuras, gráficos, índice, tablas, textos, autoevaluación, ejemplos</imsmd:langstring>
          </imsmd:value>
        </imsmd:learningresourcetype>
        <imsmd:interactivitylevel>
          <imsmd:source>
            <imsmd:langstring xml:lang="en">LOMv1.0</imsmd:langstring>
          </imsmd:source>
          <imsmd:value>
            <imsmd:langstring xml:lang="en">high</imsmd:langstring>
          </imsmd:value>
        </imsmd:interactivitylevel>
        <imsmd:semanticdensity>
          <imsmd:source>
            <imsmd:langstring xml:lang="en">LOMv1.0</imsmd:langstring>
          </imsmd:source>
          <imsmd:value>
            <imsmd:langstring xml:lang="en">medium</imsmd:langstring>
          </imsmd:value>
        </imsmd:semanticdensity>
        <imsmd:intendedenduserrole>
          <imsmd:source>
            <imsmd:langstring xml:lang="en">LOMv1.0</imsmd:langstring>
          </imsmd:source>
          <imsmd:value>
            <imsmd:langstring xml:lang="en">Learner</imsmd:langstring>
          </imsmd:value>
        </imsmd:intendedenduserrole>
        <imsmd:context>
          <imsmd:source>
            <imsmd:langstring xml:lang="en">LOMv1.0</imsmd:langstring>
          </imsmd:source>
          <imsmd:value>
            <imsmd:langstring xml:lang="en">Higher Education</imsmd:langstring>
          </imsmd:value>
        </imsmd:context>
        <imsmd:typicalagerange>
          <imsmd:langstring xml:lang="en">20 - 30</imsmd:langstring>
        </imsmd:typicalagerange>
        <imsmd:difficulty>
          <imsmd:source>
            <imsmd:langstring xml:lang="en">LOMv1.0</imsmd:langstring>
          </imsmd:source>
          <imsmd:value>
            <imsmd:langstring xml:lang="en">medium</imsmd:langstring>
          </imsmd:value>
        </imsmd:difficulty>
        <imsmd:typicallearningtime>
          <imsmd:datetime>20</imsmd:datetime>
        </imsmd:typicallearningtime>
        <imsmd:description>
          <imsmd:langstring xml:lang="en">Entendimientos descriptivo y matemático de la criptografía asimétrica y sistemas de cifrado más importantes.</imsmd:langstring>
        </imsmd:description>
        <imsmd:language>es</imsmd:language>
      </imsmd:educational>
      <imsmd:rights>
        <imsmd:cost>
          <imsmd:source>
            <imsmd:langstring xml:lang="en">LOMv1.0</imsmd:langstring>
          </imsmd:source>
          <imsmd:value>
            <imsmd:langstring xml:lang="en">no</imsmd:langstring>
          </imsmd:value>
        </imsmd:cost>
        <imsmd:copyrightandotherrestrictions>
          <imsmd:source>
            <imsmd:langstring xml:lang="en">LOMv1.0</imsmd:langstring>
          </imsmd:source>
          <imsmd:value>
            <imsmd:langstring xml:lang="en">no</imsmd:langstring>
          </imsmd:value>
        </imsmd:copyrightandotherrestrictions>
        <imsmd:description>
          <imsmd:langstring xml:lang="en">Este es un recurso que no está sujeto a derechos de autor. Es un tipo de licencia GPL.</imsmd:langstring>
        </imsmd:description>
      </imsmd:rights>
    </imsmd:lom>
  </metadata>
  <organizations default="ORG-E6766EF3F3A85738EC729F918E848585">
    <organization identifier="ORG-E6766EF3F3A85738EC729F918E848585" structure="hierarchical">
      <title>Organizacion de los OA</title>
      <item identifier="ITEM-B289C497DC6C1613721D33C20984C3FE" isvisible="true" identifierref="RES-E24370A6881CB252922A55454B83BF1F">
        <title>Criptografia asimetrica</title>
      </item>
      <item identifier="ITEM-0B7AD3D239DC337AB5A8140A3DEA4DE0" isvisible="true" identifierref="RES-510D5F646E07BDC3477D51A02A1B8654">
        <title>Fundamentos Matematicos</title>
      </item>
      <item identifier="ITEM-2B2336838C3A0D39566C28E38ED59DBF" isvisible="true" identifierref="RES-4F3F7B248B07635ECB47616733021944">
        <title>RSA</title>
      </item>
      <item identifier="ITEM-7CBD3CF6CBCA5E422A01085EF1EB6C4D" isvisible="true" identifierref="RES-93150E095F8DA75B03B083BDB7124AE1">
        <title>CCE</title>
      </item>
    </organization>
  </organizations>
  <resources>
    <resource identifier="RES-E24370A6881CB252922A55454B83BF1F" type="webcontent" href="Criptografia%20asimetrica.html">
      <file href="Criptografia%20asimetrica.html" />
    </resource>
    <resource identifier="RES-8EAAF29CBC148BAB9B1E4E52C5A39454" type="webcontent" href="ECC.html">
      <file href="ECC.html" />
      <file href="ECC.swf" />
    </resource>
    <resource identifier="RES-510D5F646E07BDC3477D51A02A1B8654" type="webcontent" href="Fundamentos%20Matematicos.html">
      <file href="Fundamentos%20Matematicos.html" />
      <file href="Fundamentos%20Matematicos.swf" />
    </resource>
    <resource identifier="RES-4F3F7B248B07635ECB47616733021944" type="webcontent" href="RSA.html">
      <file href="RSA.html" />
      <file href="RSA.swf" />
    </resource>
    <resource identifier="RES-93150E095F8DA75B03B083BDB7124AE1" type="webcontent" href="CCE.html">
      <file href="CCE.html" />
      <file href="CCE.swf" />
    </resource>
  </resources>
</manifest>

