<?xml version="1.0" encoding="UTF-8"?>
<!--This is a Reload version 2.5.5 SCORM 1.2 Content Package document-->
<!--Spawned from the Reload Content Package Generator - http://www.reload.ac.uk-->
<manifest xmlns="http://www.imsproject.org/xsd/imscp_rootv1p1p2" xmlns:imsmd="http://ltsc.ieee.org/xsd/LOM" xmlns:xsi="http://www.w3.org/2001/XMLSchema-instance" xmlns:adlcp="http://www.adlnet.org/xsd/adlcp_rootv1p2" identifier="MANIFEST-A645E0A2ECF3EE57CCCEC069B97A703C" xsi:schemaLocation="http://www.imsproject.org/xsd/imscp_rootv1p1p2 imscp_rootv1p1p2.xsd http://ltsc.ieee.org/xsd/LOM lom.xsd http://www.adlnet.org/xsd/adlcp_rootv1p2 adlcp_rootv1p2.xsd">
  <metadata>
    <imsmd:lom xmlns:imsmd="http://www.imsglobal.org/xsd/imsmd_rootv1p2p1">
      <imsmd:general>
        <imsmd:identifier>OA protocolos de seguridad de correo electrónico</imsmd:identifier>
        <imsmd:title>
          <imsmd:langstring xml:lang="en">Protocolos de seguridad de correo electrónico</imsmd:langstring>
        </imsmd:title>
        <imsmd:language>es</imsmd:language>
        <imsmd:description>
          <imsmd:langstring xml:lang="es">Objetos de aprendizaje acerca de protocolos de seguridad para correo electrónico: conceptos generales de seguridad de correo electrónico y protocolos de seguridad para correo electrónico PGP y S/MIME.</imsmd:langstring>
        </imsmd:description>
        <imsmd:keyword>
          <imsmd:langstring xml:lang="es">Protocolos de seguridad para correo electrónico</imsmd:langstring>
          <imsmd:langstring xml:lang="es">PGP</imsmd:langstring>
          <imsmd:langstring xml:lang="en">S/MIME</imsmd:langstring>
        </imsmd:keyword>
        <imsmd:coverage>
          <imsmd:langstring xml:lang="es">Tecnologías de la información</imsmd:langstring>
        </imsmd:coverage>
        <imsmd:structure>
          <imsmd:source>
            <imsmd:langstring xml:lang="en">LOMv1.0</imsmd:langstring>
          </imsmd:source>
          <imsmd:value>
            <imsmd:langstring xml:lang="en">Linear</imsmd:langstring>
          </imsmd:value>
        </imsmd:structure>
        <imsmd:aggregationlevel>
          <imsmd:source>
            <imsmd:langstring xml:lang="en">LOMv1.0</imsmd:langstring>
          </imsmd:source>
          <imsmd:value>
            <imsmd:langstring xml:lang="en">2</imsmd:langstring>
          </imsmd:value>
        </imsmd:aggregationlevel>
      </imsmd:general>
      <imsmd:lifecycle>
        <imsmd:version>
          <imsmd:langstring xml:lang="en">1.0</imsmd:langstring>
        </imsmd:version>
        <imsmd:status>
          <imsmd:source>
            <imsmd:langstring xml:lang="es" />
          </imsmd:source>
          <imsmd:value>
            <imsmd:langstring xml:lang="es">En revisión</imsmd:langstring>
          </imsmd:value>
        </imsmd:status>
        <imsmd:contribute>
          <imsmd:role>
            <imsmd:source>
              <imsmd:langstring xml:lang="en">LOMv1.0</imsmd:langstring>
            </imsmd:source>
            <imsmd:value>
              <imsmd:langstring xml:lang="en">Author</imsmd:langstring>
            </imsmd:value>
          </imsmd:role>
          <imsmd:centity>
            <imsmd:vcard>Miguel Mejías</imsmd:vcard>
          </imsmd:centity>
          <imsmd:date>
            <imsmd:datetime>08/04/2013</imsmd:datetime>
          </imsmd:date>
        </imsmd:contribute>
        <imsmd:contribute>
          <imsmd:role>
            <imsmd:source>
              <imsmd:langstring xml:lang="en">LOMv1.0</imsmd:langstring>
            </imsmd:source>
            <imsmd:value>
              <imsmd:langstring xml:lang="en">Educational Validator</imsmd:langstring>
            </imsmd:value>
          </imsmd:role>
          <imsmd:centity>
            <imsmd:vcard>Rosa Muñoz</imsmd:vcard>
          </imsmd:centity>
          <imsmd:date>
            <imsmd:datetime>04/07/2013</imsmd:datetime>
          </imsmd:date>
        </imsmd:contribute>
      </imsmd:lifecycle>
      <imsmd:educational>
        <imsmd:interactivitytype>
          <imsmd:source>
            <imsmd:langstring xml:lang="en">LOMv1.0</imsmd:langstring>
          </imsmd:source>
          <imsmd:value>
            <imsmd:langstring xml:lang="en">Mixed</imsmd:langstring>
          </imsmd:value>
        </imsmd:interactivitytype>
        <imsmd:learningresourcetype>
          <imsmd:source>
            <imsmd:langstring xml:lang="en">LOMv1.0</imsmd:langstring>
          </imsmd:source>
          <imsmd:value>
            <imsmd:langstring xml:lang="en">Diagram</imsmd:langstring>
          </imsmd:value>
        </imsmd:learningresourcetype>
        <imsmd:learningresourcetype>
          <imsmd:source>
            <imsmd:langstring xml:lang="en">LOMv1.0</imsmd:langstring>
          </imsmd:source>
          <imsmd:value>
            <imsmd:langstring xml:lang="en">Narrative Text</imsmd:langstring>
          </imsmd:value>
        </imsmd:learningresourcetype>
        <imsmd:learningresourcetype>
          <imsmd:source>
            <imsmd:langstring xml:lang="en">LOMv1.0</imsmd:langstring>
          </imsmd:source>
          <imsmd:value>
            <imsmd:langstring xml:lang="en">Exercise</imsmd:langstring>
          </imsmd:value>
        </imsmd:learningresourcetype>
        <imsmd:learningresourcetype>
          <imsmd:source>
            <imsmd:langstring xml:lang="en">LOMv1.0</imsmd:langstring>
          </imsmd:source>
          <imsmd:value>
            <imsmd:langstring xml:lang="en">Figure</imsmd:langstring>
          </imsmd:value>
        </imsmd:learningresourcetype>
        <imsmd:learningresourcetype>
          <imsmd:source>
            <imsmd:langstring xml:lang="en">LOMv1.0</imsmd:langstring>
          </imsmd:source>
          <imsmd:value>
            <imsmd:langstring xml:lang="en">Graph</imsmd:langstring>
          </imsmd:value>
        </imsmd:learningresourcetype>
        <imsmd:learningresourcetype>
          <imsmd:source>
            <imsmd:langstring xml:lang="en">LOMv1.0</imsmd:langstring>
          </imsmd:source>
          <imsmd:value>
            <imsmd:langstring xml:lang="en">Index</imsmd:langstring>
          </imsmd:value>
        </imsmd:learningresourcetype>
        <imsmd:learningresourcetype>
          <imsmd:source>
            <imsmd:langstring xml:lang="en">LOMv1.0</imsmd:langstring>
          </imsmd:source>
          <imsmd:value>
            <imsmd:langstring xml:lang="en">ProblemStatement</imsmd:langstring>
          </imsmd:value>
        </imsmd:learningresourcetype>
        <imsmd:learningresourcetype>
          <imsmd:source>
            <imsmd:langstring xml:lang="en">LOMv1.0</imsmd:langstring>
          </imsmd:source>
          <imsmd:value>
            <imsmd:langstring xml:lang="en">Questionnaire</imsmd:langstring>
          </imsmd:value>
        </imsmd:learningresourcetype>
        <imsmd:learningresourcetype>
          <imsmd:source>
            <imsmd:langstring xml:lang="en">LOMv1.0</imsmd:langstring>
          </imsmd:source>
          <imsmd:value>
            <imsmd:langstring xml:lang="en">SelfAssessment</imsmd:langstring>
          </imsmd:value>
        </imsmd:learningresourcetype>
        <imsmd:learningresourcetype>
          <imsmd:source>
            <imsmd:langstring xml:lang="en">LOMv1.0</imsmd:langstring>
          </imsmd:source>
          <imsmd:value>
            <imsmd:langstring xml:lang="en">Slide</imsmd:langstring>
          </imsmd:value>
        </imsmd:learningresourcetype>
        <imsmd:learningresourcetype>
          <imsmd:source>
            <imsmd:langstring xml:lang="en">LOMv1.0</imsmd:langstring>
          </imsmd:source>
          <imsmd:value>
            <imsmd:langstring xml:lang="en">Table</imsmd:langstring>
          </imsmd:value>
        </imsmd:learningresourcetype>
        <imsmd:interactivitylevel>
          <imsmd:source>
            <imsmd:langstring xml:lang="en">LOMv1.0</imsmd:langstring>
          </imsmd:source>
          <imsmd:value>
            <imsmd:langstring xml:lang="en">high</imsmd:langstring>
          </imsmd:value>
        </imsmd:interactivitylevel>
        <imsmd:semanticdensity>
          <imsmd:source>
            <imsmd:langstring xml:lang="en">LOMv1.0</imsmd:langstring>
          </imsmd:source>
          <imsmd:value>
            <imsmd:langstring xml:lang="en">medium</imsmd:langstring>
          </imsmd:value>
        </imsmd:semanticdensity>
        <imsmd:intendedenduserrole>
          <imsmd:source>
            <imsmd:langstring xml:lang="en">LOMv1.0</imsmd:langstring>
          </imsmd:source>
          <imsmd:value>
            <imsmd:langstring xml:lang="en">Learner</imsmd:langstring>
          </imsmd:value>
        </imsmd:intendedenduserrole>
        <imsmd:context>
          <imsmd:source>
            <imsmd:langstring xml:lang="en">LOMv1.0</imsmd:langstring>
          </imsmd:source>
          <imsmd:value>
            <imsmd:langstring xml:lang="en">University First Cycle</imsmd:langstring>
          </imsmd:value>
        </imsmd:context>
        <imsmd:typicalagerange>
          <imsmd:langstring xml:lang="en">20-30</imsmd:langstring>
        </imsmd:typicalagerange>
        <imsmd:difficulty>
          <imsmd:source>
            <imsmd:langstring xml:lang="en">LOMv1.0</imsmd:langstring>
          </imsmd:source>
          <imsmd:value>
            <imsmd:langstring xml:lang="en">medium</imsmd:langstring>
          </imsmd:value>
        </imsmd:difficulty>
        <imsmd:typicallearningtime>
          <imsmd:datetime>30</imsmd:datetime>
        </imsmd:typicallearningtime>
        <imsmd:description>
          <imsmd:langstring xml:lang="es">Conceptos generales a la seguridad para correo electrónico. Explicación de los protocolos de seguridad para correo electrónico más utilizados.</imsmd:langstring>
        </imsmd:description>
        <imsmd:language>es</imsmd:language>
      </imsmd:educational>
      <imsmd:rights>
        <imsmd:cost>
          <imsmd:source>
            <imsmd:langstring xml:lang="en">LOMv1.0</imsmd:langstring>
          </imsmd:source>
          <imsmd:value>
            <imsmd:langstring xml:lang="en">no</imsmd:langstring>
          </imsmd:value>
        </imsmd:cost>
        <imsmd:copyrightandotherrestrictions>
          <imsmd:source>
            <imsmd:langstring xml:lang="en">LOMv1.0</imsmd:langstring>
          </imsmd:source>
          <imsmd:value>
            <imsmd:langstring xml:lang="en">no</imsmd:langstring>
          </imsmd:value>
        </imsmd:copyrightandotherrestrictions>
        <imsmd:description>
          <imsmd:langstring xml:lang="es">Licencia GPL</imsmd:langstring>
        </imsmd:description>
      </imsmd:rights>
    </imsmd:lom>
  </metadata>
  <organizations default="ORG-EC46134ADD656071FF57C528FAF8C126">
    <organization identifier="ORG-EC46134ADD656071FF57C528FAF8C126" structure="hierarchical">
      <title>Seguridad correo electrónico</title>
      <item identifier="ITEM-9DAEBC5647E2755D30B2389DB7C5822B" identifierref="RES-00DE8660513EE0C1017EE07686421AC9" isvisible="true">
        <title>Conceptos Generales</title>
      </item>
      <item identifier="ITEM-BDA1CF0E00C11A0EE4725430652EE3BB" identifierref="RES-1AF797C6AEF9DFA60110C47937AE4848" isvisible="true">
        <title>PGP</title>
      </item>
      <item identifier="ITEM-5936A4BD3374F1B763F315160B23F68F" identifierref="RES-A262CE4F1D3F13959AD62C5CB0ADAF21" isvisible="true">
        <title>S/MIME</title>
      </item>
    </organization>
  </organizations>
  <resources>
    <resource identifier="RES-00DE8660513EE0C1017EE07686421AC9" type="webcontent" href="OA%20Conceptos%20Generales.html">
      <file href="OA%20Conceptos%20Generales.html" />
      <file href="OA%20Conceptos%20Generales.swf" />
    </resource>
    <resource identifier="RES-1AF797C6AEF9DFA60110C47937AE4848" type="webcontent" href="OA%20PGP.html">
      <file href="OA%20PGP.html" />
      <file href="OA%20PGP.swf" />
    </resource>
    <resource identifier="RES-A262CE4F1D3F13959AD62C5CB0ADAF21" type="webcontent" href="OA%20SMIME.html">
      <file href="OA%20SMIME.html" />
      <file href="OA%20SMIME.swf" />
    </resource>
  </resources>
</manifest>

